First Name,Last Name,Email,Password,CompanyId,Address
Maria,Ionescu,maria.ionescu@gmail.com,mariapa55,1,Strada Cartii
Ion,Cristea,ion.cristea@gmail.com,ionpa55,5,Strada Soarelui
Mihai,Popescu,mihai.popescu@gmail.com,mihaipa55,2,Strada Florilor
Mara,Popa,mara.popa@gmail.com,marapa55,2,Strada Frumoasa
Miruna,Pop,miruna.pop@gmail.com,mirunapa55,3,Strada Primaverii
Cosmin,Dumitrescu,cosmin.dumitrescu@gmail.com,cosminpa55,4,Strada Parcului
Crina,Voinea,crina.voinea@gmail.com,crinapa55,4,Strada Soarelui
Andrei,Marin,andrei.marin@gmail.com,andreipa55,4,Strada Prunului
Ana,Tudor,ana.tudor@gmail.com,anapa55,6,Strada Elanului
Alexandru,Stanciu,alexandra.stanciu@gmail.com,alexandrapa55,7,Strada Amurgului
George,Rusu,george.rusu@gmail.com,georgepa55,8,Strada Apusului
Stefania,Sava,stefania.sava@gmail.com,stefaniapa55,9,Strada Mica
Raisa,Iancu,raisa.iancu@gmail.com,raisapa55,9,Strada Mare
Costel,Mihailescu,costel.mihailescu@gmail.com,costelpa55,9,Strada Carului
David,Tomescu,david.tomescu@gmail.com,davidpa55,10,Strada Steaua